source_files,legacy_group,part_id,scale,dx,dy,dz
azd_1svet.obj,stit_1svet_S,stit_1svet_S,1.000000,0.000000,0.000000,0.000000
azd_1svet.obj,stozar_1svet_S,stozar_1svet_S,1.000000,0.000000,0.000000,0.000000
azd_1svet.obj,cervena_1svet_S,cervena_1svet_S,1.000000,0.000000,0.000000,0.000000
azd_2svet.obj,cervena_2svet_S_typ1,cervena_1svet_S,1.000000,0.000000,0.000000,-0.003657
azd_2svet.obj,zelena_2svet_S_typ1,zelena_2svet_S_typ1,1.000000,0.000000,0.000000,0.000000
azd_2svet.obj,bila_2svet_S_typ2,bila_2svet_S_typ2,1.000000,0.000000,0.000000,0.000000
azd_2svet.obj,cervena_2svet_S_typ2,cervena_1svet_S,1.000000,0.000000,0.185366,-0.003657
azd_2svet.obj,cervena_2svet_S_typ3,cervena_1svet_S,1.000000,0.000000,0.000000,-0.003657
azd_2svet.obj,zluta_2svet_S_typ3,zluta_2svet_S_typ3,1.000000,0.000000,0.000000,0.000000
azd_2svet.obj,stit_2svet_S,stit_2svet_S,1.000000,0.000000,0.000000,0.000000
azd_2svet.obj,stozar_2svet_S,stozar_2svet_S,1.000000,0.000000,0.000000,0.000000
azd_2svet.obj,skupinove_2svet_S,skupinove_2svet_S,1.000000,0.000000,0.000000,0.000000
azd_2svet.obj,zelena_2svet_R_typ1,zelena_2svet_S_typ1,1.000000,0.291696,-0.000618,-0.287988
azd_2svet.obj,cervena_2svet_R_typ1,cervena_1svet_S,1.000000,0.291696,-0.000617,-0.291645
azd_2svet.obj,cervena_2svet_R_typ2,cervena_1svet_S,1.000000,0.291696,0.184748,-0.291645
azd_2svet.obj,bila_2svet_R_typ2,bila_2svet_S_typ2,1.000000,0.291696,-0.000618,-0.287988
azd_2svet.obj,cervena_2svet_R_typ3,cervena_1svet_S,1.000000,0.291696,-0.000617,-0.291645
azd_2svet.obj,zluta_2svet_R_typ3,zluta_2svet_S_typ3,1.000000,0.291696,-0.000618,-0.287988
azd_2svet.obj,stozar_2svet_R,stozar_2svet_R,1.000000,0.000000,0.000000,0.000000
azd_2svet.obj,stit_2svet_R,stit_2svet_S,1.000000,0.291696,-0.000618,-0.287988
azd_2svet.obj,skupinove_2svet_R,skupinove_2svet_R,1.000000,0.000000,0.000000,0.000000
azd_2svet.obj,cervena_2svet_L_typ1,cervena_1svet_S,1.000000,-0.292932,-0.000617,-0.291645
azd_2svet.obj,zelena_2svet_L_typ1,zelena_2svet_S_typ1,1.000000,-0.292932,-0.000618,-0.287988
azd_2svet.obj,cervena_2svet_L_typ2,cervena_1svet_S,1.000000,-0.292932,0.184748,-0.291645
azd_2svet.obj,bila_2svet_L_typ2,bila_2svet_S_typ2,1.000000,-0.292932,-0.000618,-0.287988
azd_2svet.obj,cervena_2svet_L_typ3,cervena_1svet_S,1.000000,-0.292932,-0.000617,-0.291645
azd_2svet.obj,zluta_2svet_L_typ3,zluta_2svet_S_typ3,1.000000,-0.292932,-0.000618,-0.287988
azd_2svet.obj,stozar_2svet_L,stozar_2svet_L,1.000000,0.000000,0.000000,0.000000
azd_2svet.obj,stit_2svet_L,stit_2svet_S,1.000000,-0.292932,-0.000618,-0.287988
azd_2svet.obj,skupinove_2svet_L,skupinove_2svet_R,1.000000,-0.584628,0.000000,0.000000
azd_2svet.obj,odjezd_2svet,odjezd_2svet,1.000000,0.000000,0.000000,0.000000
azd_3svet.obj,bila_3svet_S_typ1,bila_2svet_S_typ2,1.000000,0.000000,-0.003090,-0.001854
azd_3svet.obj,cervena_3svet_S_typ1,cervena_1svet_S,1.000000,0.000000,0.182310,-0.005511
azd_3svet.obj,zelena_3svet_S_typ1,zelena_2svet_S_typ1,1.000000,0.000000,0.182307,-0.001854
azd_3svet.obj,cervena_3svet_S_typ2,cervena_1svet_S,1.000000,0.000000,-0.003090,-0.005511
azd_3svet.obj,zelena_3svet_S_typ2,zelena_2svet_S_typ1,1.000000,0.000000,-0.003056,-0.001854
azd_3svet.obj,zluta_3svet_S_typ2,zluta_2svet_S_typ3,1.000000,0.000000,0.182307,-0.001854
azd_3svet.obj,zelena_3svet_S_typ3,zelena_2svet_S_typ1,1.000000,0.000000,0.182307,-0.001854
azd_3svet.obj,cervena_3svet_S_typ3,cervena_1svet_S,1.000000,0.000000,0.182310,-0.005511
azd_3svet.obj,40_3svet_S_typ3,zluta_2svet_S_typ3,1.000000,0.000000,-0.188456,-0.001854
azd_3svet.obj,zluta_3svet_S_typ4,zluta_2svet_S_typ3,1.000000,0.000000,0.182307,-0.001854
azd_3svet.obj,cervena_3svet_S_typ4,cervena_1svet_S,1.000000,0.000000,0.182310,-0.005511
azd_3svet.obj,bila_3svet_S_typ4,bila_2svet_S_typ2,1.000000,0.000000,-0.003090,-0.001854
azd_3svet.obj,stozar_3svet_S,stozar_3svet_S,1.000000,0.000000,0.000000,0.000000
azd_3svet.obj,stit_3svet_S,stit_3svet_S,1.000000,0.000000,0.000000,0.000000
azd_3svet.obj,skupinove_3svet_S,skupinove_2svet_S,1.000000,0.000000,0.000000,0.000000
azd_3svet.obj,odjezd_3svet_S,odjezd_2svet,1.000000,0.000000,0.000000,0.000000
azd_3svet.obj,bila_3svet_L_typ1,bila_2svet_S_typ2,1.000000,-0.292932,0.203322,-0.287393
azd_3svet.obj,cervena_3svet_L_typ1,cervena_1svet_S,1.000000,-0.292932,0.388722,-0.291050
azd_3svet.obj,zelena_3svet_L_typ1,zelena_2svet_S_typ1,1.000000,-0.292932,0.388722,-0.287393
azd_3svet.obj,zluta_3svet_L_typ2,zluta_2svet_S_typ3,1.000000,-0.292932,0.388719,-0.287393
azd_3svet.obj,zelena_3svet_L_typ2,zelena_2svet_S_typ1,1.000000,-0.292932,0.203356,-0.287393
azd_3svet.obj,cervena_3svet_L_typ2,cervena_1svet_S,1.000000,-0.292932,0.203322,-0.291050
azd_3svet.obj,zelena_3svet_L_typ3,zelena_2svet_S_typ1,1.000000,-0.292932,0.388722,-0.287393
azd_3svet.obj,cervena_3svet_L_typ3,cervena_1svet_S,1.000000,-0.292932,0.388723,-0.291050
azd_3svet.obj,40_3svet_L_typ3,zluta_2svet_S_typ3,1.000000,-0.292932,0.017956,-0.287393
azd_3svet.obj,zluta_3svet_L_typ4,zluta_2svet_S_typ3,1.000000,-0.292932,0.388722,-0.287393
azd_3svet.obj,cervena_3svet_L_typ4,cervena_1svet_S,1.000000,-0.292932,0.388722,-0.291050
azd_3svet.obj,bila_3svet_L_typ4,bila_2svet_S_typ2,1.000000,-0.292932,0.203322,-0.287393
azd_3svet.obj,stozar_3svet_L,stozar_3svet_L,1.000000,0.000000,0.000000,0.000000
azd_3svet.obj,skupinove_3svet_L,skupinove_2svet_S,1.000000,-0.292304,0.095172,-0.289656
azd_3svet.obj,odjezd_3svet_L,odjezd_3svet_L,1.000000,0.000000,0.000000,0.000000
azd_3svet.obj,stit_3svet_L,stit_3svet_S,1.000000,-0.292932,0.206412,-0.285815
azd_3svet.obj,bila_3svet_R_typ1,bila_2svet_S_typ2,1.000000,0.291696,0.203322,-0.287393
azd_3svet.obj,cervena_3svet_R_typ1,cervena_1svet_S,1.000000,0.291696,0.388722,-0.291050
azd_3svet.obj,zelena_3svet_R_typ1,zelena_2svet_S_typ1,1.000000,0.291696,0.388719,-0.287393
azd_3svet.obj,zluta_3svet_R_typ2,zluta_2svet_S_typ3,1.000000,0.291696,0.388719,-0.287393
azd_3svet.obj,zelena_3svet_R_typ2,zelena_2svet_S_typ1,1.000000,0.291696,0.203356,-0.287393
azd_3svet.obj,cervena_3svet_R_typ2,cervena_1svet_S,1.000000,0.291696,0.203322,-0.291050
azd_3svet.obj,40_3svet_R_typ3,zluta_2svet_S_typ3,1.000000,0.291696,0.017956,-0.287393
azd_3svet.obj,zelena_3svet_R_typ3,zelena_2svet_S_typ1,1.000000,0.291696,0.388722,-0.287393
azd_3svet.obj,cervena_3svet_R_typ3,cervena_1svet_S,1.000000,0.291696,0.388723,-0.291050
azd_3svet.obj,zluta_3svet_R_typ4,zluta_2svet_S_typ3,1.000000,0.291696,0.388719,-0.287393
azd_3svet.obj,cervena_3svet_R_typ4,cervena_1svet_S,1.000000,0.291696,0.388722,-0.291050
azd_3svet.obj,bila_3svet_R_typ4,bila_2svet_S_typ2,1.000000,0.291696,0.203322,-0.287393
azd_3svet.obj,stozar_3svet_R,stozar_3svet_R,1.000000,0.000000,0.000000,0.000000
azd_3svet.obj,skupinove_3svet_R,skupinove_2svet_S,1.000000,0.292304,0.095172,-0.289656
azd_3svet.obj,odjezd_3svet_R,odjezd_3svet_R,1.000000,0.000000,0.000000,0.000000
azd_3svet.obj,stit_3svet_R,stit_3svet_S,1.000000,0.291696,0.206412,-0.285815
azd_4svet.obj,zluta_4svet_S_typ1,zluta_2svet_S_typ3,1.000000,0.000000,0.367707,-0.001854
azd_4svet.obj,zelena_4svet_S_typ1,zelena_2svet_S_typ1,1.000000,0.000000,0.182342,-0.001854
azd_4svet.obj,cervena_4svet_S_typ1,cervena_1svet_S,1.000000,0.000000,0.182308,-0.005511
azd_4svet.obj,bila_4svet_S_typ1,bila_2svet_S_typ2,1.000000,0.000000,-0.003092,-0.001854
azd_4svet.obj,40_4svet_S_typ2,zluta_2svet_S_typ3,1.000000,0.000000,-0.188456,-0.001854
azd_4svet.obj,zelena_4svet_S_typ2,zelena_2svet_S_typ1,1.000000,0.000000,0.367707,-0.001854
azd_4svet.obj,cervena_4svet_S_typ2,cervena_1svet_S,1.000000,0.000000,0.367710,-0.005511
azd_4svet.obj,bila_4svet_S_typ2,bila_2svet_S_typ2,1.000000,0.000000,0.182310,-0.001854
azd_4svet.obj,40_4svet_S_typ2_pruhy,zluta_2svet_S_typ3,1.000000,0.000000,-0.003056,-0.001854
azd_4svet.obj,zelena_4svet_S_typ2_pruhy,zelena_2svet_S_typ1,1.000000,0.000000,0.555632,0.000000
azd_4svet.obj,cervena_4svet_S_typ2_pruhy,cervena_1svet_S,1.000000,0.000000,0.553073,-0.005511
azd_4svet.obj,bila_4svet_S_typ2_pruhy,bila_2svet_S_typ2,1.000000,0.000000,0.367710,-0.001854
azd_4svet.obj,pruh_horni_4svet_S_typ2_pruhy,pruh_horni_4svet_S_typ2_pruhy,1.000000,0.000000,0.000000,0.000000
azd_4svet.obj,pruh_spodni_4svet_S_typ2_pruhy,pruh_spodni_4svet_S_typ2_pruhy,1.000000,0.000000,0.000000,0.000000
azd_4svet.obj,40_4svet_S_typ3,zluta_2svet_S_typ3,1.000000,0.000000,-0.188456,-0.001854
azd_4svet.obj,cervena_4svet_S_typ3,cervena_1svet_S,1.000000,0.000000,0.367710,-0.005511
azd_4svet.obj,bila_4svet_S_typ3,bila_2svet_S_typ2,1.000000,0.000000,0.182310,-0.001854
azd_4svet.obj,zluta_4svet_S_typ3,zluta_2svet_S_typ3,1.000000,0.000000,0.367707,-0.001854
azd_4svet.obj,stozar_4svet_S,stozar_4svet_S,1.000000,0.000000,0.000000,0.000000
azd_4svet.obj,stit_4svet_S,stit_4svet_S,1.000000,0.000000,0.000000,0.000000
azd_4svet.obj,skupinove_4svet_S,skupinove_2svet_S,1.000000,0.000000,0.000000,0.000083
azd_4svet.obj,stit_4svet_S_pruhy,stit_4svet_S_pruhy,1.000000,0.000000,0.000000,0.000000
azd_4svet.obj,stozar_4svet_S_pruhy,stozar_4svet_S_pruhy,1.000000,0.000000,0.000000,0.000000
azd_4svet.obj,ind30_4svet_S,ind30_4svet_S,1.000000,0.000000,0.000000,0.000000
azd_4svet.obj,ind50_4svet_S,ind50_4svet_S,1.000000,0.000000,0.000000,0.000000
azd_4svet.obj,stozar_4svet_S_ind,stozar_4svet_S_ind,1.000000,0.000000,0.000000,0.000000
azd_4svet.obj,zluta_4svet_L_typ1,zluta_2svet_S_typ3,1.000000,-0.292932,0.370179,-0.287988
azd_4svet.obj,zelena_4svet_L_typ1,zelena_2svet_S_typ1,1.000000,-0.292932,0.184814,-0.287988
azd_4svet.obj,cervena_4svet_L_typ1,cervena_1svet_S,1.000000,-0.292932,0.184780,-0.291645
azd_4svet.obj,bila_4svet_L_typ1,bila_2svet_S_typ2,1.000000,-0.292932,-0.000621,-0.287988
azd_4svet.obj,40_4svet_L_typ2,zluta_2svet_S_typ3,1.000000,-0.292932,-0.185984,-0.287988
azd_4svet.obj,zelena_4svet_L_typ2,zelena_2svet_S_typ1,1.000000,-0.292932,0.370179,-0.287988
azd_4svet.obj,cervena_4svet_L_typ2,cervena_1svet_S,1.000000,-0.292932,0.370183,-0.291645
azd_4svet.obj,bila_4svet_L_typ2,bila_2svet_S_typ2,1.000000,-0.292932,0.184782,-0.287988
azd_4svet.obj,40_4svet_L_typ2_pruhy,zluta_2svet_S_typ3,1.000000,-0.292932,-0.000584,-0.287988
azd_4svet.obj,zelena_4svet_L_typ2_pruhy,zelena_2svet_S_typ1,1.000000,-0.292932,0.558104,-0.286134
azd_4svet.obj,pruh_spodni_4svet_L_typ2_pruhy,pruh_spodni_4svet_S_typ2_pruhy,1.000000,-0.292932,0.002472,-0.286134
azd_4svet.obj,pruh_horni_4svet_L_typ2_pruhy,pruh_horni_4svet_S_typ2_pruhy,1.000000,-0.292932,0.002472,-0.286134
azd_4svet.obj,cervena_4svet_L_typ2_pruhy,cervena_1svet_S,1.000000,-0.292932,0.555545,-0.291645
azd_4svet.obj,bila_4svet_L_typ2_pruhy,bila_2svet_S_typ2,1.000000,-0.292932,0.370182,-0.287988
azd_4svet.obj,40_4svet_L_typ3,zluta_2svet_S_typ3,1.000000,-0.292932,-0.185984,-0.287988
azd_4svet.obj,cervena_4svet_L_typ3,cervena_1svet_S,1.000000,-0.292932,0.370183,-0.291645
azd_4svet.obj,bila_4svet_L_typ3,bila_2svet_S_typ2,1.000000,-0.292932,0.184782,-0.287988
azd_4svet.obj,zluta_4svet_L_typ3,zluta_2svet_S_typ3,1.000000,-0.292932,0.370179,-0.287988
azd_4svet.obj,stozar_4svet_L,stozar_4svet_L,1.000000,0.000000,0.000000,0.000000
azd_4svet.obj,stit_4svet_L,stit_4svet_S,1.000000,-0.292932,0.002472,-0.286134
azd_4svet.obj,skupinove_4svet_L,skupinove_2svet_S,1.000000,-0.292304,0.000000,-0.289656
azd_4svet.obj,stozar_4svet_L_pruhy,stozar_4svet_L_pruhy,1.000000,0.000000,0.000000,0.000000
azd_4svet.obj,stit_4svet_L_pruhy,stit_4svet_S_pruhy,1.000000,-0.292932,0.002472,-0.286134
azd_4svet.obj,zluta_4svet_R_typ1,zluta_2svet_S_typ3,1.000000,0.291696,0.370179,-0.287988
azd_4svet.obj,zelena_4svet_R_typ1,zelena_2svet_S_typ1,1.000000,0.291696,0.184814,-0.287988
azd_4svet.obj,cervena_4svet_R_typ1,cervena_1svet_S,1.000000,0.291696,0.184782,-0.291645
azd_4svet.obj,bila_4svet_R_typ1,bila_2svet_S_typ2,1.000000,0.291696,-0.000621,-0.287988
azd_4svet.obj,40_4svet_R_typ2,zluta_2svet_S_typ3,1.000000,0.291696,-0.185984,-0.287988
azd_4svet.obj,zelena_4svet_R_typ2,zelena_2svet_S_typ1,1.000000,0.291696,0.370179,-0.287988
azd_4svet.obj,cervena_4svet_R_typ2,cervena_1svet_S,1.000000,0.291696,0.370183,-0.291645
azd_4svet.obj,bila_4svet_R_typ2,bila_2svet_S_typ2,1.000000,0.291696,0.184782,-0.287988
azd_4svet.obj,40_4svet_R_typ2_pruhy,zluta_2svet_S_typ3,1.000000,0.291696,-0.000584,-0.287988
azd_4svet.obj,zelena_4svet_R_typ2_pruhy,zelena_2svet_S_typ1,1.000000,0.291696,0.558104,-0.286134
azd_4svet.obj,pruh_spodni_4svet_R_typ2_pruhy,pruh_spodni_4svet_S_typ2_pruhy,1.000000,0.291696,0.002472,-0.286134
azd_4svet.obj,pruh_horni_4svet_R_typ2_pruhy,pruh_horni_4svet_S_typ2_pruhy,1.000000,0.291696,0.002472,-0.286134
azd_4svet.obj,cervena_4svet_R_typ2_pruhy,cervena_1svet_S,1.000000,0.291696,0.555545,-0.291645
azd_4svet.obj,bila_4svet_R_typ2_pruhy,bila_2svet_S_typ2,1.000000,0.291696,0.370182,-0.287988
azd_4svet.obj,40_4svet_R_typ3,zluta_2svet_S_typ3,1.000000,0.291696,-0.185984,-0.287988
azd_4svet.obj,cervena_4svet_R_typ3,cervena_1svet_S,1.000000,0.291696,0.370183,-0.291645
azd_4svet.obj,bila_4svet_R_typ3,bila_2svet_S_typ2,1.000000,0.291696,0.184782,-0.287988
azd_4svet.obj,zluta_4svet_R_typ3,zluta_2svet_S_typ3,1.000000,0.291696,0.370179,-0.287988
azd_4svet.obj,stozar_4svet_R,stozar_4svet_R,1.000000,0.000000,0.000000,0.000000
azd_4svet.obj,stit_4svet_R,stit_4svet_S,1.000000,0.291696,0.002472,-0.286134
azd_4svet.obj,skupinove_4svet_R,skupinove_2svet_S,1.000000,0.292304,0.000000,-0.289656
azd_4svet.obj,stozar_4svet_R_pruhy,stozar_4svet_R_pruhy,1.000000,0.000000,0.000000,0.000000
azd_4svet.obj,stit_4svet_R_pruhy,stit_4svet_S_pruhy,1.000000,0.291696,0.002472,-0.286134
azd_4svet.obj,odjezd_4svet_ind,odjezd_2svet,1.000000,0.000000,-0.203940,0.000000
azd_4svet.obj,odjezd_4svet,odjezd_2svet,1.000000,0.000000,0.000000,0.000000
azd_5svet.obj,zluta_5svet_S,zluta_2svet_S_typ3,1.000000,0.000000,0.553159,-0.001854
azd_5svet.obj,40_5svet_S,zluta_2svet_S_typ3,1.000000,0.000000,-0.188409,-0.001854
azd_5svet.obj,bila_5svet_S,bila_2svet_S_typ2,1.000000,0.000000,0.182368,-0.001854
azd_5svet.obj,cervena_5svet_S,cervena_1svet_S,1.000000,0.000000,0.367764,-0.005511
azd_5svet.obj,zelena_5svet_S,zelena_2svet_S_typ1,1.000000,0.000000,0.367806,-0.001854
azd_5svet.obj,skupinove_5svet_S,skupinove_2svet_S,1.000000,0.000000,0.000000,0.000083
azd_5svet.obj,stit_5svet_S,stit_5svet_S,1.000000,0.000000,0.000000,0.000000
azd_5svet.obj,stozar_5svet_S,stozar_4svet_S_pruhy,1.000000,0.000000,0.000000,0.000000
azd_5svet.obj,skupinove_5svet_S_2pruhy,skupinove_2svet_S,1.000000,0.000000,-0.203940,0.000000
azd_5svet.obj,stit_5svet_S_2pruhy,stit_5svet_S_2pruhy,1.000000,0.000000,0.000000,0.000000
azd_5svet.obj,stozar_5svet_S_2pruhy,stozar_5svet_S_2pruhy,1.000000,0.000000,0.000000,0.000000
azd_5svet.obj,40_5svet_S_2pruhy,zluta_2svet_S_typ3,1.000000,0.000000,-0.204477,0.001742
azd_5svet.obj,bila_5svet_S_2pruhy,bila_2svet_S_typ2,1.000000,0.000000,0.166304,0.001742
azd_5svet.obj,cervena_5svet_S_2pruhy,cervena_1svet_S,1.000000,0.000000,0.351696,-0.001915
azd_5svet.obj,pruh_horni_5svet_S_2pruhy,pruh_horni_4svet_S_typ2_pruhy,1.000000,0.000000,-0.204558,0.001730
azd_5svet.obj,pruh_spodni_5svet_S_2pruhy,pruh_spodni_4svet_S_typ2_pruhy,1.000000,0.000000,-0.204558,0.001730
azd_5svet.obj,zelena_5svet_S_2pruhy,zelena_2svet_S_typ1,1.000000,0.000000,0.351735,0.001742
azd_5svet.obj,zluta_5svet_S_2pruhy,zluta_2svet_S_typ3,1.000000,0.000000,0.537096,0.001742
azd_5svet.obj,zluta_5svet_S_3pruhy,zluta_2svet_S_typ3,1.000000,0.000000,0.518556,0.000011
azd_5svet.obj,40_5svet_S_3pruhy,zluta_2svet_S_typ3,1.000000,0.000000,-0.223017,0.000011
azd_5svet.obj,bila_5svet_S_3pruhy,bila_2svet_S_typ2,1.000000,0.000000,0.147764,0.000011
azd_5svet.obj,cervena_5svet_S_3pruhy,cervena_1svet_S,1.000000,0.000000,0.333156,-0.003646
azd_5svet.obj,zelena_5svet_S_3pruhy,zelena_2svet_S_typ1,1.000000,0.000000,0.333194,0.000011
azd_5svet.obj,pruh_spodni_5svet_S_3pruhy,pruh_spodni_4svet_S_typ2_pruhy,1.000000,0.000000,-0.223098,0.000000
azd_5svet.obj,pruh_horni_5svet_S_3pruhy,pruh_horni_4svet_S_typ2_pruhy,1.000000,0.000000,-0.223098,0.000000
azd_5svet.obj,pruh_100_5svet_S_3pruhy,pruh_horni_4svet_S_typ2_pruhy,1.000000,0.000000,-0.409734,0.000000
azd_5svet.obj,stit_5svet_S_3pruhy,stit_5svet_S_3pruhy,1.000000,0.000000,0.000000,0.000000
azd_5svet.obj,skupinove_5svet_S_3pruhy,skupinove_2svet_S,1.000000,0.000000,-0.407880,0.000000
azd_5svet.obj,stozar_5svet_S_3pruhy,stozar_5svet_S_3pruhy,1.000000,0.000000,0.000000,0.000000
azd_5svet.obj,stozar_5svet_S_ind,stozar_5svet_S_ind,1.000000,0.000000,0.000000,0.000000
azd_5svet.obj,ind50_5svet_S,ind50_4svet_S,1.000000,0.000000,0.000000,0.000000
azd_5svet.obj,ind30_5svet_S,ind30_4svet_S,1.000000,0.000000,0.000000,0.000000
azd_5svet.obj,skupinove_5svet_L,skupinove_2svet_S,1.000000,-0.292304,0.000000,-0.289656
azd_5svet.obj,stit_5svet_L,stit_5svet_S,1.000000,-0.292932,0.002472,-0.286134
azd_5svet.obj,stozar_5svet_L,stozar_4svet_L_pruhy,1.000000,0.000000,0.000000,0.000000
azd_5svet.obj,40_5svet_L,zluta_2svet_S_typ3,1.000000,-0.292314,-0.188409,-0.291573
azd_5svet.obj,bila_5svet_L,bila_2svet_S_typ2,1.000000,-0.292314,0.182368,-0.291573
azd_5svet.obj,cervena_5svet_L,cervena_1svet_S,1.000000,-0.292314,0.367764,-0.295230
azd_5svet.obj,zelena_5svet_L,zelena_2svet_S_typ1,1.000000,-0.292314,0.367806,-0.291573
azd_5svet.obj,zluta_5svet_L,zluta_2svet_S_typ3,1.000000,-0.292314,0.553159,-0.291573
azd_5svet.obj,skupinove_5svet_L_2pruhy,skupinove_2svet_S,1.000000,-0.292304,-0.203940,-0.289656
azd_5svet.obj,stit_5svet_L_2pruhy,stit_5svet_S_2pruhy,1.000000,-0.292932,0.002472,-0.286134
azd_5svet.obj,stozar_5svet_L_2pruhy,stozar_5svet_L_2pruhy,1.000000,0.000000,0.000000,0.000000
azd_5svet.obj,40_5svet_L_2pruhy,zluta_2svet_S_typ3,1.000000,-0.292314,-0.204477,-0.287977
azd_5svet.obj,bila_5svet_L_2pruhy,bila_2svet_S_typ2,1.000000,-0.292314,0.166304,-0.287977
azd_5svet.obj,cervena_5svet_L_2pruhy,cervena_1svet_S,1.000000,-0.292314,0.351696,-0.291634
azd_5svet.obj,pruh_horni_5svet_L_2pruhy,pruh_horni_4svet_S_typ2_pruhy,1.000000,-0.292314,-0.204558,-0.287988
azd_5svet.obj,pruh_spodni_5svet_L_2pruhy,pruh_spodni_4svet_S_typ2_pruhy,1.000000,-0.292314,-0.204558,-0.287988
azd_5svet.obj,zelena_5svet_L_2pruhy,zelena_2svet_S_typ1,1.000000,-0.292314,0.351735,-0.287977
azd_5svet.obj,zluta_5svet_L_2pruhy,zluta_2svet_S_typ3,1.000000,-0.292314,0.537096,-0.287977
azd_5svet.obj,40_5svet_L_3pruhy,zluta_2svet_S_typ3,1.000000,-0.292314,-0.223017,-0.289707
azd_5svet.obj,bila_5svet_L_3pruhy,bila_2svet_S_typ2,1.000000,-0.292314,0.147764,-0.289707
azd_5svet.obj,cervena_5svet_L_3pruhy,cervena_1svet_S,1.000000,-0.292314,0.333156,-0.293364
azd_5svet.obj,pruh_100_5svet_L_3pruhy,pruh_horni_4svet_S_typ2_pruhy,1.000000,-0.292314,-0.409734,-0.289719
azd_5svet.obj,pruh_horni_5svet_L_3pruhy,pruh_horni_4svet_S_typ2_pruhy,1.000000,-0.292314,-0.223098,-0.289719
azd_5svet.obj,pruh_spodni_5svet_L_3pruhy,pruh_spodni_4svet_S_typ2_pruhy,1.000000,-0.292314,-0.223098,-0.289719
azd_5svet.obj,stit_5svet_L_3pruhy,stit_5svet_S_3pruhy,1.000000,-0.292314,0.000000,-0.289718
azd_5svet.obj,stozar_5svet_L_3pruhy,stozar_5svet_L_3pruhy,1.000000,0.000000,0.000000,0.000000
azd_5svet.obj,zelena_5svet_L_3pruhy,zelena_2svet_S_typ1,1.000000,-0.292314,0.333194,-0.289707
azd_5svet.obj,zluta_5svet_L_3pruhy,zluta_2svet_S_typ3,1.000000,-0.292314,0.518556,-0.289707
azd_5svet.obj,skupinove_5svet_L_3pruhy,skupinove_2svet_S,1.000000,-0.292314,-0.407880,-0.289718
azd_5svet.obj,stit_5svet_R,stit_5svet_S,1.000000,0.291696,0.002472,-0.286134
azd_5svet.obj,stozar_5svet_R,stozar_4svet_R_pruhy,1.000000,0.000000,0.000000,0.000000
azd_5svet.obj,skupinove_5svet_R,skupinove_2svet_S,1.000000,0.292304,0.000000,-0.289656
azd_5svet.obj,40_5svet_R,zluta_2svet_S_typ3,1.000000,0.292314,-0.188409,-0.291573
azd_5svet.obj,bila_5svet_R,bila_2svet_S_typ2,1.000000,0.292314,0.182368,-0.291573
azd_5svet.obj,cervena_5svet_R,cervena_1svet_S,1.000000,0.292314,0.367764,-0.295230
azd_5svet.obj,zelena_5svet_R,zelena_2svet_S_typ1,1.000000,0.292314,0.367806,-0.291573
azd_5svet.obj,zluta_5svet_R,zluta_2svet_S_typ3,1.000000,0.292314,0.553159,-0.291573
azd_5svet.obj,skupinove_5svet_R_2pruhy,skupinove_2svet_S,1.000000,0.292304,-0.203940,-0.289656
azd_5svet.obj,stit_5svet_R_2pruhy,stit_5svet_S_2pruhy,1.000000,0.291696,0.002472,-0.286134
azd_5svet.obj,stozar_5svet_R_2pruhy,stozar_5svet_R_2pruhy,1.000000,0.000000,0.000000,0.000000
azd_5svet.obj,zluta_5svet_R_2pruhy,zluta_2svet_S_typ3,1.000000,0.292314,0.537096,-0.287977
azd_5svet.obj,zelena_5svet_R_2pruhy,zelena_2svet_S_typ1,1.000000,0.292314,0.351735,-0.287977
azd_5svet.obj,pruh_spodni_5svet_R_2pruhy,pruh_spodni_4svet_S_typ2_pruhy,1.000000,0.292314,-0.204558,-0.287988
azd_5svet.obj,pruh_horni_5svet_R_2pruhy,pruh_horni_4svet_S_typ2_pruhy,1.000000,0.292314,-0.204558,-0.287988
azd_5svet.obj,cervena_5svet_R_2pruhy,cervena_1svet_S,1.000000,0.292314,0.351696,-0.291634
azd_5svet.obj,bila_5svet_R_2pruhy,bila_2svet_S_typ2,1.000000,0.292314,0.166304,-0.287977
azd_5svet.obj,40_5svet_R_2pruhy,zluta_2svet_S_typ3,1.000000,0.292314,-0.204477,-0.287977
azd_5svet.obj,zluta_5svet_R_3pruhy,zluta_2svet_S_typ3,1.000000,0.292314,0.518556,-0.289707
azd_5svet.obj,zelena_5svet_R_3pruhy,zelena_2svet_S_typ1,1.000000,0.292314,0.333194,-0.289707
azd_5svet.obj,stit_5svet_R_3pruhy,stit_5svet_S_3pruhy,1.000000,0.292314,-0.000000,-0.289718
azd_5svet.obj,skupinove_5svet_R_3pruhy,skupinove_2svet_S,1.000000,0.292314,-0.407880,-0.289718
azd_5svet.obj,pruh_spodni_5svet_R_3pruhy,pruh_spodni_4svet_S_typ2_pruhy,1.000000,0.292314,-0.223098,-0.289719
azd_5svet.obj,pruh_horni_5svet_R_3pruhy,pruh_horni_4svet_S_typ2_pruhy,1.000000,0.292314,-0.223098,-0.289719
azd_5svet.obj,pruh_100_5svet_R_3pruhy,pruh_horni_4svet_S_typ2_pruhy,1.000000,0.292314,-0.409734,-0.289719
azd_5svet.obj,cervena_5svet_R_3pruhy,cervena_1svet_S,1.000000,0.292314,0.333156,-0.293364
azd_5svet.obj,bila_5svet_R_3pruhy,bila_2svet_S_typ2,1.000000,0.292314,0.147764,-0.289707
azd_5svet.obj,40_5svet_R_3pruhy,zluta_2svet_S_typ3,1.000000,0.292314,-0.223017,-0.289707
azd_5svet.obj,stozar_5svet_R_3pruhy,stozar_5svet_R_3pruhy,1.000000,0.000000,0.000000,0.000000
azd_5svet.obj,ind30_5svet_RL,ind30_5svet_RL,1.000000,0.000000,0.000000,0.000000
azd_5svet.obj,ind50_5svet_RL,ind50_5svet_RL,1.000000,0.000000,0.000000,0.000000
azd_5svet.obj,odjezd_5svet,odjezd_2svet,1.000000,0.000000,0.000000,0.000000
azd_5svet.obj,odjezd_5svet_2pruhy_ind,odjezd_2svet,1.000000,0.000000,-0.203940,0.000000
azd_5svet.obj,odjezd_5svet_3pruhy_2pruhyind,odjezd_2svet,1.000000,0.000000,-0.407880,0.000000
azd_6svet.obj,odjezd_6svet_S_pruhy,odjezd_2svet,1.000000,0.000000,-0.407880,0.000000
azd_6svet.obj,skupinove_6svet_S_pruhy,skupinove_2svet_S,1.000000,0.000000,-0.407880,0.000000
azd_6svet.obj,stit_6svet_S_pruhy,stit_6svet_S_pruhy,1.000000,0.000000,0.000000,0.000000
azd_6svet.obj,stozar_6svet_S_pruhy,stozar_5svet_S_3pruhy,1.000000,0.000000,0.000000,0.000000
azd_6svet.obj,modra_6svet_S_pruhy,modra_6svet_S_pruhy,1.000000,0.000000,0.000000,0.000000
azd_6svet.obj,40_6svet_S_pruhy,zluta_2svet_S_typ3,1.000000,0.000000,-0.223017,0.000011
azd_6svet.obj,bila_6svet_S_pruhy,bila_2svet_S_typ2,1.000000,0.000000,0.147764,0.000011
azd_6svet.obj,cervena_6svet_S_pruhy,cervena_1svet_S,1.000000,0.000000,0.333156,-0.003646
azd_6svet.obj,zelena_6svet_S_pruhy,zelena_2svet_S_typ1,1.000000,0.000000,0.333194,0.000011
azd_6svet.obj,zluta_6svet_S_pruhy,zluta_2svet_S_typ3,1.000000,0.000000,0.518556,0.000011
azd_6svet.obj,pruh_horni_6svet_S_pruhy,pruh_horni_4svet_S_typ2_pruhy,1.000000,0.000000,-0.407138,0.000000
azd_6svet.obj,pruh_spodni_6svet_S_pruhy,pruh_spodni_4svet_S_typ2_pruhy,1.000000,0.000000,-0.407138,0.000000
azd_6svet.obj,30_6svet_S_pruhy,30_6svet_S_pruhy,1.000000,0.000000,0.000000,0.000000
azd_6svet.obj,modra_6svet_S,modra_6svet_S_pruhy,1.000000,0.000000,0.016068,-0.001865
azd_6svet.obj,bila_6svet_S,bila_2svet_S_typ2,1.000000,0.000000,0.163832,-0.001854
azd_6svet.obj,cervena_6svet_S,cervena_1svet_S,1.000000,0.000000,0.349225,-0.005511
azd_6svet.obj,zelena_6svet_S,zelena_2svet_S_typ1,1.000000,0.000000,0.349262,-0.001854
azd_6svet.obj,zluta_6svet_S,zluta_2svet_S_typ3,1.000000,0.000000,0.534624,-0.001854
azd_6svet.obj,40_6svet_S,zluta_2svet_S_typ3,1.000000,0.000000,-0.206949,-0.001854
azd_6svet.obj,skupinove_6svet_S,skupinove_2svet_S,1.000000,0.000000,-0.203940,0.000412
azd_6svet.obj,odjezd_6svet_S,odjezd_2svet,1.000000,0.000000,-0.203940,0.000686
azd_6svet.obj,stit_6svet_S,stit_6svet_S,1.000000,0.000000,0.000000,0.000000
azd_6svet.obj,stozar_6svet_S,stozar_6svet_S,1.000000,0.000000,0.000000,0.000000
azd_6svet.obj,30_6svet_S,30_6svet_S_pruhy,1.000000,0.000000,0.016068,-0.001865
azd_6svet.obj,stozar_6svet_ind_S,stozar_6svet_ind_S,1.000000,0.000000,0.000000,0.000000
azd_6svet.obj,ind50_6svet_S,ind50_4svet_S,1.000000,0.000000,-0.203940,0.000000
azd_6svet.obj,ind30_6svet_S,ind30_4svet_S,1.000000,0.000000,-0.203940,0.000000
azd_6svet.obj,odjezd_6svet_ind_S,odjezd_2svet,1.000000,0.000000,-0.407880,0.001542
azd_6svet.obj,stozar_6svet_L_pruhy,stozar_6svet_L_pruhy,1.000000,0.000000,0.000000,0.000000
azd_6svet.obj,40_6svet_L_pruhy,zluta_2svet_S_typ3,1.000000,-0.292314,-0.223017,-0.289707
azd_6svet.obj,bila_6svet_L_pruhy,bila_2svet_S_typ2,1.000000,-0.292314,0.147764,-0.289707
azd_6svet.obj,cervena_6svet_L_pruhy,cervena_1svet_S,1.000000,-0.292314,0.333156,-0.293364
azd_6svet.obj,modra_6svet_L_pruhy,modra_6svet_S_pruhy,1.000000,-0.292314,0.000000,-0.289718
azd_6svet.obj,pruh_horni_6svet_L_pruhy,pruh_horni_4svet_S_typ2_pruhy,1.000000,-0.292314,-0.407138,-0.289719
azd_6svet.obj,pruh_spodni_6svet_L_pruhy,pruh_spodni_4svet_S_typ2_pruhy,1.000000,-0.292314,-0.407138,-0.289719
azd_6svet.obj,skupinove_6svet_L_pruhy,skupinove_2svet_S,1.000000,-0.292314,-0.407880,-0.289718
azd_6svet.obj,stit_6svet_L_pruhy,stit_6svet_S_pruhy,1.000000,-0.292314,0.000000,-0.289718
azd_6svet.obj,zelena_6svet_L_pruhy,zelena_2svet_S_typ1,1.000000,-0.292314,0.333194,-0.289707
azd_6svet.obj,zluta_6svet_L_pruhy,zluta_2svet_S_typ3,1.000000,-0.292314,0.518556,-0.289707
azd_6svet.obj,30_6svet_L_pruhy,30_6svet_S_pruhy,1.000000,-0.292314,0.000000,-0.289718
azd_6svet.obj,stozar_6svet_L,stozar_6svet_L,1.000000,0.000000,0.000000,0.000000
azd_6svet.obj,stit_6svet_L,stit_6svet_S,1.000000,-0.292932,0.002472,-0.286134
azd_6svet.obj,skupinove_6svet_L,skupinove_2svet_S,1.000000,-0.292304,-0.206361,-0.289656
azd_6svet.obj,40_6svet_L,zluta_2svet_S_typ3,1.000000,-0.292314,-0.206949,-0.291573
azd_6svet.obj,bila_6svet_L,bila_2svet_S_typ2,1.000000,-0.292314,0.163832,-0.291573
azd_6svet.obj,cervena_6svet_L,cervena_1svet_S,1.000000,-0.292314,0.349225,-0.295230
azd_6svet.obj,modra_6svet_L,modra_6svet_S_pruhy,1.000000,-0.292314,0.016068,-0.291584
azd_6svet.obj,zelena_6svet_L,zelena_2svet_S_typ1,1.000000,-0.292314,0.349262,-0.291573
azd_6svet.obj,zluta_6svet_L,zluta_2svet_S_typ3,1.000000,-0.292314,0.534624,-0.291573
azd_6svet.obj,30_6svet_L,30_6svet_S_pruhy,1.000000,-0.292314,0.016068,-0.291584
azd_6svet.obj,stozar_6svet_R_pruhy,stozar_6svet_R_pruhy,1.000000,0.000000,0.000000,0.000000
azd_6svet.obj,40_6svet_R_pruhy,zluta_2svet_S_typ3,1.000000,0.292314,-0.223017,-0.289707
azd_6svet.obj,bila_6svet_R_pruhy,bila_2svet_S_typ2,1.000000,0.292314,0.147764,-0.289707
azd_6svet.obj,cervena_6svet_R_pruhy,cervena_1svet_S,1.000000,0.292314,0.333156,-0.293364
azd_6svet.obj,modra_6svet_R_pruhy,modra_6svet_S_pruhy,1.000000,0.292314,0.000000,-0.289718
azd_6svet.obj,pruh_horni_6svet_R_pruhy,pruh_horni_4svet_S_typ2_pruhy,1.000000,0.292314,-0.407138,-0.289719
azd_6svet.obj,pruh_spodni_6svet_R_pruhy,pruh_spodni_4svet_S_typ2_pruhy,1.000000,0.292314,-0.407138,-0.289719
azd_6svet.obj,skupinove_6svet_R_pruhy,skupinove_2svet_S,1.000000,0.292314,-0.407880,-0.289718
azd_6svet.obj,stit_6svet_R_pruhy,stit_6svet_S_pruhy,1.000000,0.292314,0.000000,-0.289718
azd_6svet.obj,zelena_6svet_R_pruhy,zelena_2svet_S_typ1,1.000000,0.292314,0.333194,-0.289707
azd_6svet.obj,zluta_6svet_R_pruhy,zluta_2svet_S_typ3,1.000000,0.292314,0.518556,-0.289707
azd_6svet.obj,30_6svet_R_pruhy,30_6svet_S_pruhy,1.000000,0.292314,0.000000,-0.289718
azd_6svet.obj,skupinove_6svet_R,skupinove_2svet_S,1.000000,0.292304,-0.206386,-0.289656
azd_6svet.obj,stit_6svet_R,stit_6svet_S,1.000000,0.291696,0.002472,-0.286134
azd_6svet.obj,stozar_6svet_R,stozar_6svet_R,1.000000,0.000000,0.000000,0.000000
azd_6svet.obj,40_6svet_R,zluta_2svet_S_typ3,1.000000,0.292314,-0.206949,-0.291573
azd_6svet.obj,bila_6svet_R,bila_2svet_S_typ2,1.000000,0.292314,0.163832,-0.291573
azd_6svet.obj,cervena_6svet_R,cervena_1svet_S,1.000000,0.292314,0.349225,-0.295230
azd_6svet.obj,modra_6svet_R,modra_6svet_S_pruhy,1.000000,0.292314,0.016068,-0.291584
azd_6svet.obj,zelena_6svet_R,zelena_2svet_S_typ1,1.000000,0.292314,0.349262,-0.291573
azd_6svet.obj,zluta_6svet_R,zluta_2svet_S_typ3,1.000000,0.292314,0.534624,-0.291573
azd_6svet.obj,30_6svet_R,30_6svet_S_pruhy,1.000000,0.292314,0.016068,-0.291584
